{
  "aphorism": 28,
  "divergence": 0.031299807131290436,
  "rank": 112,
  "total_aphorisms": 226,
  "percentile": 50.442477876106196,
  "z_score": -0.3144204020500183,
  "p_value": 0.489,
  "mean_divergence": 0.043978091329336166,
  "std_divergence": 0.04032271355390549,
  "significant_bh": [],
  "all_divergences": [
    [
      8,
      0.13165916502475739
    ],
    [
      13,
      0.1855684518814087
    ],
    [
      14,
      0.15493954718112946
    ],
    [
      17,
      0.0505240298807621
    ],
    [
      18,
      0.024413667619228363
    ],
    [
      20,
      0.01213990431278944
    ],
    [
      22,
      0.01233559101819992
    ],
    [
      23,
      0.01930527202785015
    ],
    [
      25,
      0.11825739592313766
    ],
    [
      26,
      0.13604889810085297
    ],
    [
      27,
      0.15219751000404358
    ],
    [
      28,
      0.031299807131290436
    ],
    [
      29,
      0.17265096306800842
    ],
    [
      30,
      0.0930163636803627
    ],
    [
      31,
      0.08768024295568466
    ],
    [
      32,
      0.01654108613729477
    ],
    [
      33,
      0.018304573372006416
    ],
    [
      34,
      0.022241346538066864
    ],
    [
      36,
      0.012026582844555378
    ],
    [
      37,
      0.021728424355387688
    ],
    [
      38,
      0.03196552395820618
    ],
    [
      39,
      0.017954517155885696
    ],
    [
      43,
      0.01917443610727787
    ],
    [
      44,
      0.03860517218708992
    ],
    [
      45,
      0.015305577777326107
    ],
    [
      46,
      0.01439357828348875
    ],
    [
      47,
      0.033773213624954224
    ],
    [
      48,
      0.02860497124493122
    ],
    [
      49,
      0.0016080581117421389
    ],
    [
      52,
      0.20040743052959442
    ],
    [
      53,
      0.004205781035125256
    ],
    [
      55,
      0.011931859888136387
    ],
    [
      56,
      0.01115117035806179
    ],
    [
      57,
      0.04070775583386421
    ],
    [
      60,
      0.009836206212639809
    ],
    [
      61,
      0.008917098864912987
    ],
    [
      62,
      0.017888931557536125
    ],
    [
      63,
      0.07095568627119064
    ],
    [
      64,
      0.021824060007929802
    ],
    [
      65,
      0.028131652623414993
    ],
    [
      66,
      0.04844531789422035
    ],
    [
      67,
      0.11441943794488907
    ],
    [
      68,
      0.024898257106542587
    ],
    [
      69,
      0.05234057456254959
    ],
    [
      71,
      0.05404195189476013
    ],
    [
      73,
      0.09211242198944092
    ],
    [
      74,
      0.1078525185585022
    ],
    [
      75,
      0.03416196629405022
    ],
    [
      76,
      0.007415933068841696
    ],
    [
      77,
      0.02434523031115532
    ],
    [
      78,
      0.03834236040711403
    ],
    [
      79,
      0.17269983887672424
    ],
    [
      80,
      0.043361205607652664
    ],
    [
      83,
      0.22112151980400085
    ],
    [
      84,
      0.1014767587184906
    ],
    [
      86,
      0.012051624245941639
    ],
    [
      87,
      0.042192935943603516
    ],
    [
      88,
      0.016846682876348495
    ],
    [
      89,
      0.06853186339139938
    ],
    [
      92,
      0.061374302953481674
    ],
    [
      93,
      0.09518799185752869
    ],
    [
      94,
      0.051963742822408676
    ],
    [
      95,
      0.05068644881248474
    ],
    [
      96,
      0.07919290661811829
    ],
    [
      97,
      0.0631677657365799
    ],
    [
      98,
      0.02117188833653927
    ],
    [
      99,
      0.01101869810372591
    ],
    [
      100,
      0.08275723457336426
    ],
    [
      102,
      0.13479004800319672
    ],
    [
      103,
      0.08950642496347427
    ],
    [
      107,
      0.10779868066310883
    ],
    [
      108,
      0.03380795568227768
    ],
    [
      109,
      0.04998651519417763
    ],
    [
      114,
      0.0496005043387413
    ],
    [
      116,
      0.07193617522716522
    ],
    [
      117,
      0.1029842346906662
    ],
    [
      119,
      0.17939342558383942
    ],
    [
      123,
      0.06154626980423927
    ],
    [
      126,
      0.025980083271861076
    ],
    [
      127,
      0.04132549837231636
    ],
    [
      128,
      0.01702859066426754
    ],
    [
      129,
      0.017842527478933334
    ],
    [
      130,
      0.03065314143896103
    ],
    [
      131,
      0.053901590406894684
    ],
    [
      132,
      0.017355499789118767
    ],
    [
      133,
      0.03330870717763901
    ],
    [
      134,
      0.06472164392471313
    ],
    [
      135,
      0.014538022689521313
    ],
    [
      136,
      0.06417763978242874
    ],
    [
      137,
      0.031049730256199837
    ],
    [
      139,
      0.04874304309487343
    ],
    [
      140,
      0.18426600098609924
    ],
    [
      142,
      0.1265811324119568
    ],
    [
      143,
      0.04832993447780609
    ],
    [
      144,
      0.026045821607112885
    ],
    [
      146,
      0.035162702202796936
    ],
    [
      147,
      0.02414739318192005
    ],
    [
      148,
      0.0213240347802639
    ],
    [
      149,
      0.05656363442540169
    ],
    [
      150,
      0.08173578977584839
    ],
    [
      152,
      0.09756382554769516
    ],
    [
      154,
      0.038895849138498306
    ],
    [
      156,
      0.02622169256210327
    ],
    [
      157,
      0.018280135467648506
    ],
    [
      158,
      0.018442176282405853
    ],
    [
      159,
      0.03626621514558792
    ],
    [
      160,
      0.048620179295539856
    ],
    [
      161,
      0.04836633801460266
    ],
    [
      162,
      0.015947947278618813
    ],
    [
      163,
      0.03274783864617348
    ],
    [
      164,
      0.04480762407183647
    ],
    [
      167,
      0.12677650153636932
    ],
    [
      169,
      0.04664807394146919
    ],
    [
      170,
      0.057205576449632645
    ],
    [
      171,
      0.03450395539402962
    ],
    [
      172,
      0.02106080763041973
    ],
    [
      173,
      0.08008932322263718
    ],
    [
      174,
      0.03317921981215477
    ],
    [
      175,
      0.03276661038398743
    ],
    [
      176,
      0.02761666290462017
    ],
    [
      177,
      0.015566890127956867
    ],
    [
      178,
      0.09176979959011078
    ],
    [
      179,
      0.05375915765762329
    ],
    [
      180,
      0.024464856833219528
    ],
    [
      181,
      0.021708980202674866
    ],
    [
      182,
      0.06393164396286011
    ],
    [
      183,
      0.027663784101605415
    ],
    [
      184,
      0.049853384494781494
    ],
    [
      186,
      0.010210175067186356
    ],
    [
      187,
      0.048224929720163345
    ],
    [
      189,
      0.03639095276594162
    ],
    [
      190,
      0.06207088381052017
    ],
    [
      192,
      0.009119680151343346
    ],
    [
      193,
      0.012978733517229557
    ],
    [
      194,
      0.05005435645580292
    ],
    [
      195,
      0.014240394346415997
    ],
    [
      196,
      0.028751974925398827
    ],
    [
      197,
      0.11484310775995255
    ],
    [
      198,
      0.03451453521847725
    ],
    [
      199,
      0.007952080108225346
    ],
    [
      200,
      0.043177686631679535
    ],
    [
      202,
      0.027648096904158592
    ],
    [
      203,
      0.014248252846300602
    ],
    [
      204,
      0.018219513818621635
    ],
    [
      205,
      0.017082052305340767
    ],
    [
      206,
      0.01991536282002926
    ],
    [
      207,
      0.025192497298121452
    ],
    [
      208,
      0.018914859741926193
    ],
    [
      209,
      0.008802959695458412
    ],
    [
      210,
      0.014134027995169163
    ],
    [
      212,
      0.007927357219159603
    ],
    [
      213,
      0.007700676564127207
    ],
    [
      214,
      0.01967587321996689
    ],
    [
      215,
      0.01967085525393486
